barcode	x	y	pixel_x	pixel_y
GTCCGATATGATTGCCGC	32	2	8982.2	292.1
ATGAGCCGGGTTCATCTT	31	2	8692.5	292.1
TGAGGCACTCTGTTGGGA	30	2	8402.8	292.1
ATGATTAGTCGCCATTCG	29	2	8113.0	292.1
ACTTGAGGGTAGATGTTT	28	2	7823.2	292.1
ATGGCCAATACTGTTATC	27	2	7533.5	292.1
CGCTACCCTGATTCGACC	26	2	7243.8	292.1
GCCCACTTTCGCCGTAGT	25	2	6954.0	292.1
AGCAACTTTGAGCAAGAT	24	2	6664.2	292.1
GCCAATTCGGAATTCCGG	23	2	6374.5	292.1
TCGCCCAAGGTAATACAT	22	2	6084.8	292.1
TCGCATTTCCTATTCGAG	21	2	5795.0	292.1
TTGCTAAATCTAACCGCC	20	2	5505.2	292.1
GGAATTAAATTCTGATGG	19	2	5215.5	292.1
CATTACATAGGTGCTAAG	18	2	4925.8	292.1
ATTGACTTGCGCTCGCAC	17	2	4636.0	292.1
ATAGTATCTCCCAAGTTC	16	2	4346.2	292.1
GTGCGCCTGTAATCCGCA	15	2	4056.5	292.1
GCGCCACTCTTTAGGTAG	14	2	3766.8	292.1
TATGCAAGTGATTGGCTT	13	2	3477.0	292.1
CCAAGCCACGTTTATACG	12	2	3187.2	292.1
ACCTGATTGCTGTATAAC	11	2	2897.5	292.1
CAGCGCATCTATCCTCTA	10	2	2607.8	292.1
TCCACGCGTAGGACTAGT	9	2	2318.0	292.1
CGACTAAGTATGTAGCGC	8	2	2028.2	292.1
CGTGCCAATAAGCTCGCG	7	2	1738.5	292.1
CGCACGGCTCTGATTAGA	6	2	1448.8	292.1
TTATGAAGGAATTATTGT	32	3	8982.2	584.2
CCTGCGTACAAGGCTACA	31	3	8692.5	584.2
GGCCAAGGATCCCTTAAT	30	3	8402.8	584.2
GTTCCTAAGTTTCAAAGT	29	3	8113.0	584.2
TCCGAATTACGCAACAGT	28	3	7823.2	584.2
GCGACGCGGCATAGTTTA	27	3	7533.5	584.2
TGAATTGCGTGATGCACT	26	3	7243.8	584.2
CAACGGATGGGATAGAGC	25	3	6954.0	584.2
CAAGATTGCAATGTAAGA	24	3	6664.2	584.2
CCAATACCTAACACCGAG	23	3	6374.5	584.2
ATCAGACCATTGTGTATG	22	3	6084.8	584.2
GGATCATCTTATGCGGTA	21	3	5795.0	584.2
CTTGTGATCCCTTGTCGA	20	3	5505.2	584.2
ACATAGACGCCGTCTCGG	19	3	5215.5	584.2
ACATGTATGGCCGCGCCC	18	3	4925.8	584.2
GACCTAGATAGACCCGTC	17	3	4636.0	584.2
ATGTATATTTGCCAGGCA	16	3	4346.2	584.2
ACAAAGAGACGTTAATAG	15	3	4056.5	584.2
TATGGCCGGACGTGGACG	14	3	3766.8	584.2
GTTAACTACAACGGAATG	13	3	3477.0	584.2
ATAACCGCTCGACTGTGT	12	3	3187.2	584.2
CGTAGAAGGTAATCCGCT	11	3	2897.5	584.2
TCTGCTGTAGATGAAGGC	10	3	2607.8	584.2
CGCTATAGTGACGACGCG	9	3	2318.0	584.2
GTGTTACTTGAAGTGATG	8	3	2028.2	584.2
TAAGACAACTAACGTTAC	7	3	1738.5	584.2
ATTCGGTGAAGACGGACG	6	3	1448.8	584.2
GTGCCGTATACGTTCGAG	32	4	8982.2	876.2
GCTACTACTTAAATGTCA	31	4	8692.5	876.2
AGGTCTAACCGTTCGTAC	30	4	8402.8	876.2
ACGCGGAAGTATGTGGAG	29	4	8113.0	876.2
CAGCGGGTTGACAAAGGC	28	4	7823.2	876.2
TAATTAGTTAGCCCGCCG	27	4	7533.5	876.2
TGCTTATCGGGACCAGAA	26	4	7243.8	876.2
ACCCGTTTCGCCAGGCAT	25	4	6954.0	876.2
CCGACTAATTGACACCCT	24	4	6664.2	876.2
TTGAGGTAGCGGATGGGT	23	4	6374.5	876.2
ACGTGCGCAAATATGACG	22	4	6084.8	876.2
CGCAATGAATGGAACAGG	21	4	5795.0	876.2
GACGCATTCCCGTGAACT	20	4	5505.2	876.2
TCATAAACGCGTCATCCT	19	4	5215.5	876.2
CTAACCGCGAATGATGGT	18	4	4925.8	876.2
CTCCAGTCATGTAAAGCG	17	4	4636.0	876.2
GCCGTGCGGTGGGCCACT	16	4	4346.2	876.2
CTATTTGTGCACATGATT	15	4	4056.5	876.2
CATCCACGTGAATGCTAA	14	4	3766.8	876.2
CCATTGAAGTCAAGATAT	13	4	3477.0	876.2
GCGAGACAATCCGTAGAT	12	4	3187.2	876.2
ACTGTGTCGCAGGACTGA	11	4	2897.5	876.2
CAGTGCTCTTATGTCGTT	10	4	2607.8	876.2
CGCCAGCCCTGGTCCGAT	9	4	2318.0	876.2
GTTACATAACCGGGCGTG	8	4	2028.2	876.2
CCAGTGATCTACCGACCG	7	4	1738.5	876.2
CCCGAAGTTAGGCCCGGA	6	4	1448.8	876.2
GCGTCATAAGCGAACGCG	32	5	8982.2	1168.3
GGTAGGGATCAGGACTCC	31	5	8692.5	1168.3
TGATTGTTTAATGTCCGT	30	5	8402.8	1168.3
ATGAAGCGTACAGCTGAG	29	5	8113.0	1168.3
CCTGCCTTACCGCCGTTA	28	5	7823.2	1168.3
AGAACTGATTGCAAGGCG	27	5	7533.5	1168.3
CCAATGTACTTAGAACGC	26	5	7243.8	1168.3
CCGCATAGAGCTGAGTAA	25	5	6954.0	1168.3
GCGGCGCCCTCCACCGAG	24	5	6664.2	1168.3
ACTGAAAGAATTCTCGAT	23	5	6374.5	1168.3
TGAAAGGGTGTTATTCCT	22	5	6084.8	1168.3
GACCTCAGATCCCTGGAC	21	5	5795.0	1168.3
GGATTTAGCCGGCCCTCG	20	5	5505.2	1168.3
GCTATTCAATGCGCGAGG	19	5	5215.5	1168.3
ATTCATTGTAGGGACTGC	18	5	4925.8	1168.3
TTATCCGCGAATTTAGCT	17	5	4636.0	1168.3
TTCGGGCTACTGACGCAT	16	5	4346.2	1168.3
ATGAAGGACGTCCATCTG	15	5	4056.5	1168.3
CTCGAACGTCACTATGAC	14	5	3766.8	1168.3
CGATATTTCATCAACCTA	13	5	3477.0	1168.3
GGTGATCAAACCTGAAAT	12	5	3187.2	1168.3
CATTTACGAGACCCGAAA	11	5	2897.5	1168.3
CCTCGAACTCGAACGTTG	10	5	2607.8	1168.3
TAACGTTTAGGATGGGCG	9	5	2318.0	1168.3
CTAGCGGCGTTGAGCGTT	8	5	2028.2	1168.3
ACATTAACCTGATAACAT	7	5	1738.5	1168.3
CTGAACGCCGATCCTGGT	6	5	1448.8	1168.3
CAATTCTGTACGATCGGT	32	6	8982.2	1460.4
GGTCTCTTAGCCGCGCTA	31	6	8692.5	1460.4
TCTAAGCCTTCAGCGGTG	30	6	8402.8	1460.4
CAGGATACTACCGATTAT	29	6	8113.0	1460.4
TACAGCGAGGTTACTGAT	28	6	7823.2	1460.4
CTCTTTGGGTGAAAGCAG	27	6	7533.5	1460.4
ACAAGCCGCGCTGTTACG	26	6	7243.8	1460.4
TCATGCACGACGTTAGGG	25	6	6954.0	1460.4
TTGCGAACATGGTGCACA	24	6	6664.2	1460.4
CAACGGTAGACTCGATGT	23	6	6374.5	1460.4
CTACTGAGTAGCACGGAA	22	6	6084.8	1460.4
GATCGTGTGCCGCGTAAA	21	6	5795.0	1460.4
GGGTCACTTGCGTCGTTG	20	6	5505.2	1460.4
TCGCATGTTAACCCGACG	19	6	5215.5	1460.4
GTGCGAGGTGCGTCATCG	18	6	4925.8	1460.4
TGAGACAATTTAGGGATA	17	6	4636.0	1460.4
CGTTGAAGTATCGCTCGC	16	6	4346.2	1460.4
ACCAATCTCTAATCTCGT	15	6	4056.5	1460.4
GTAACTTGATGTATACCC	14	6	3766.8	1460.4
TTACGCCACCTCACATAG	13	6	3477.0	1460.4
ATCAAACGTGAGGCATAC	12	6	3187.2	1460.4
ACGGCTTAGCGACGCCTG	11	6	2897.5	1460.4
TAAGACCGGGCTAAGTTT	10	6	2607.8	1460.4
CATTGGTTCCGTACTCGA	9	6	2318.0	1460.4
ACCTATCGCCTCGGCACC	8	6	2028.2	1460.4
ATCTACGGACGATTATCG	7	6	1738.5	1460.4
AGAGCTTATCAGTACGCG	6	6	1448.8	1460.4
CGGCTTCCCAAGTAGTCG	5	6	1159.0	1460.4
CCGTGCGCGTAAGTCGAT	4	6	869.2	1460.4
ACAAGAATTGACAAGATC	3	6	579.5	1460.4
CAGACCGGGACACCGCTA	2	6	289.8	1460.4
TGGATTGCGAGTCCGCCT	32	7	8982.2	1752.5
GACGCCTTCTGTCGTTCT	31	7	8692.5	1752.5
CTGGTTGACACTTCTTCC	30	7	8402.8	1752.5
AGCACTCGCGTCCGGCCC	29	7	8113.0	1752.5
TTGAGGGAACACTGCGTT	28	7	7823.2	1752.5
GTATATACCGCCTCGAGA	27	7	7533.5	1752.5
ACCGCCCTATCTCGCTGA	26	7	7243.8	1752.5
TCCCACGCAGGTCCTCAT	25	7	6954.0	1752.5
AGAGCACCGCACGAGTAA	24	7	6664.2	1752.5
CGAGTACAAGGTACATAC	23	7	6374.5	1752.5
TCTAGCGTTAGAATGCGA	22	7	6084.8	1752.5
CTGCTGGTACGCCACATA	21	7	5795.0	1752.5
TCTGTATTAGGACCGAAC	20	7	5505.2	1752.5
CCTCGATAGCCCGACCTT	19	7	5215.5	1752.5
CCGGATACGTAGTCCTCA	18	7	4925.8	1752.5
GGACTTGAATTCGCAGAT	17	7	4636.0	1752.5
CATACAGGTGCAATTATT	16	7	4346.2	1752.5
ACACTACGTCCTGTCGAA	15	7	4056.5	1752.5
ATGAGGTGGGCGCCCAAT	14	7	3766.8	1752.5
TAGTCGTTAGCTGGTGGA	13	7	3477.0	1752.5
TTGGACCACTCTAGTATA	12	7	3187.2	1752.5
ATTAAGTTTAATGTTGCA	11	7	2897.5	1752.5
TGTGTAACCGGTCGTTAA	10	7	2607.8	1752.5
CCAGACATAATATGCGGT	9	7	2318.0	1752.5
ACCGATCCGTAGTTCCAA	8	7	2028.2	1752.5
GCGTTAGAAGTAACAGGG	7	7	1738.5	1752.5
CAGAATTCACCTCCAGTA	6	7	1448.8	1752.5
GGATTGATCCCGCTGAGT	5	7	1159.0	1752.5
TCGCGTGAGAGGTTCACA	4	7	869.2	1752.5
ATCCGATTTACAGTGCCA	3	7	579.5	1752.5
GGCCATACTAATGTGTGG	2	7	289.8	1752.5
TATAAGATCTGTGCCGGA	32	8	8982.2	2044.6
CCCAAGTTTACGCTGAAT	31	8	8692.5	2044.6
TTAGAAGACCGCTGTCTG	30	8	8402.8	2044.6
TAATGTACGCGCTTCGAC	29	8	8113.0	2044.6
CCTATGTCATCTGACGGA	28	8	7823.2	2044.6
TGGCGAACAGTTATCGGC	27	8	7533.5	2044.6
ACTTATTAACTCCGCTCC	26	8	7243.8	2044.6
TAGGAAAGACAGCATGCG	25	8	6954.0	2044.6
GTATTTATTCAGACACGC	24	8	6664.2	2044.6
CCGTAACATCATTACACC	23	8	6374.5	2044.6
CTCAGTGTTCGGTATATT	22	8	6084.8	2044.6
GAGCCTCAAAGTGATGGG	21	8	5795.0	2044.6
TTCAGCCGGGATGCCTTC	20	8	5505.2	2044.6
CATGGTTGCGCGCCTAAG	19	8	5215.5	2044.6
GTACCAATTCAGGCCTAC	18	8	4925.8	2044.6
AGGTGTGCCGCGTCTCTA	17	8	4636.0	2044.6
TATGTCATGGGCCTATGT	16	8	4346.2	2044.6
CTATTTCGACCGGCCTGC	15	8	4056.5	2044.6
CCCGTTGTAGAACAGATA	14	8	3766.8	2044.6
TCGATATGGTGATGCCTA	13	8	3477.0	2044.6
CGTTACCAATTTAGGCGT	12	8	3187.2	2044.6
GTTCAAGCGATACGCGGT	11	8	2897.5	2044.6
ATAAATGTTCACACTACT	10	8	2607.8	2044.6
TGGGTTGATATCACTAGC	9	8	2318.0	2044.6
CCCAGACACAACCTACGC	8	8	2028.2	2044.6
GAGTAACGAGATTCTCCC	7	8	1738.5	2044.6
AGAAGGGACCGTCTACGA	6	8	1448.8	2044.6
CGTGTCCATAGAAGCTGT	5	8	1159.0	2044.6
TTGTTTAGCCAATGCGCT	4	8	869.2	2044.6
TAAGCTGGGTGATTAGAC	3	8	579.5	2044.6
ATAGCTCTGGACTGCCGG	2	8	289.8	2044.6
GTATTGGTGCAGCCTGCT	32	9	8982.2	2336.6
CCCTCTTTGGGCATAAGT	31	9	8692.5	2336.6
CAGCCGCCCGAACATAGC	30	9	8402.8	2336.6
ATTTACCAATCGAATGGA	29	9	8113.0	2336.6
ACGCGGGTCCTGAGGTCA	28	9	7823.2	2336.6
GTACCAAAGAACTTGCAA	27	9	7533.5	2336.6
ACAAAGAGATATAGCCCT	26	9	7243.8	2336.6
TATTTAGAAGCTATGACG	25	9	6954.0	2336.6
GCACCTCTCAACTGCAGT	24	9	6664.2	2336.6
GCCGCCTAAGTGATCTTG	23	9	6374.5	2336.6
GTACAGGTCTAAATCTAA	22	9	6084.8	2336.6
CCTAGGATAGTTCGACGC	21	9	5795.0	2336.6
CACCGTGCTAGAAGTCAA	20	9	5505.2	2336.6
CGCGTGGATAAGACATCT	19	9	5215.5	2336.6
TCGTATGTCTGGCGAATT	18	9	4925.8	2336.6
GCATGCCTGTACAATCGT	17	9	4636.0	2336.6
GGTACGAGCTAATTCGCA	16	9	4346.2	2336.6
TTGACCACACTATACTTC	15	9	4056.5	2336.6
CGCCGGCTAACTGTATGG	14	9	3766.8	2336.6
CCTTCTCGTTTACTTGGA	13	9	3477.0	2336.6
TACTGCGGTCTGTCGGGA	12	9	3187.2	2336.6
GGACCCGCGTCGGTTATC	11	9	2897.5	2336.6
CCGCTTCCAACTCTGTGG	10	9	2607.8	2336.6
TTGCTCGAATAAATAATT	9	9	2318.0	2336.6
CGTTGAGTTGGTCCTCCG	8	9	2028.2	2336.6
ATATTGCCACCCTACCAA	7	9	1738.5	2336.6
CGGATATACCCTGCCAAC	6	9	1448.8	2336.6
TATGTAGCGTCGAAGATC	5	9	1159.0	2336.6
GTCCGCGGCGCTCAGATG	4	9	869.2	2336.6
CCAGCGTCGTAGGTGACA	3	9	579.5	2336.6
AGGACCTCGATCGACCTT	2	9	289.8	2336.6
GTAAGGCATCTCTTGAAC	32	10	8982.2	2628.7
AGGCTAATTAGCACGCGA	31	10	8692.5	2628.7
TTGGAGTCAACATGTGCC	30	10	8402.8	2628.7
GACAGGCCATTTAACGTT	29	10	8113.0	2628.7
TCAGTTTGCGCGGACATC	28	10	7823.2	2628.7
GCCATAGCGTTGATTACA	27	10	7533.5	2628.7
TCTCCCTATAGACTCTGT	26	10	7243.8	2628.7
ACCCTCGTTGTCGATACG	25	10	6954.0	2628.7
CACTCACGAAGGGCGGAG	24	10	6664.2	2628.7
GCTTCCGATGAGTTGTGG	23	10	6374.5	2628.7
CTTGACGCGTGGACAAAC	22	10	6084.8	2628.7
AGTTTAACAACCGCGCCT	21	10	5795.0	2628.7
CTCCGTTGCCAGCCATCG	20	10	5505.2	2628.7
CTTTAATTAGAGGCATCG	19	10	5215.5	2628.7
CACGGGTAGTGAAATCTA	18	10	4925.8	2628.7
CTACGTTGTCGCCTGCCC	17	10	4636.0	2628.7
TGGTTAAGAATAACGTGC	16	10	4346.2	2628.7
ACGTCGTTATGTGTTACC	15	10	4056.5	2628.7
GTACGTGAAAGGGAGACT	14	10	3766.8	2628.7
AGCCACCGTTAGTGTTTG	13	10	3477.0	2628.7
CTAGCGGTTGCCAGAAAG	12	10	3187.2	2628.7
ATTAAGTAGCGCACGTTT	11	10	2897.5	2628.7
TTTCAACCCGAGGAAGTC	10	10	2607.8	2628.7
ATTCGGCGCGATCCAGAG	9	10	2318.0	2628.7
GCTTATCGATCTGCTCGG	8	10	2028.2	2628.7
CGTGTTGTATCTTTGGAG	7	10	1738.5	2628.7
GATCAACGGTGACAGCAA	6	10	1448.8	2628.7
CAACTGGTAGGCCGCAGA	5	10	1159.0	2628.7
AGTAGCACGCTGCCAATC	4	10	869.2	2628.7
AGATACCCAGCGCAAGAT	3	10	579.5	2628.7
CAGCGTTGGTGAAGCCGG	2	10	289.8	2628.7
GGGATGTGCTCAAGCTAA	32	11	8982.2	2920.8
GCGTGGTCGTCAGCTATG	31	11	8692.5	2920.8
TTGACCTACTCGTGTTAT	30	11	8402.8	2920.8
GATTTCAGGCACTACGCG	29	11	8113.0	2920.8
GGTTTAAATTTCAGACGA	28	11	7823.2	2920.8
CTGATGTCGGTTGTGTAA	27	11	7533.5	2920.8
TTATCGACTTTGCAACGT	26	11	7243.8	2920.8
CCGTTCGAGCGTTCGCTA	25	11	6954.0	2920.8
TTCCTTGTTACGGGTGAG	24	11	6664.2	2920.8
CGAGCACTCAATTCCGGG	23	11	6374.5	2920.8
CTCACGTGCAAGGTTTAG	22	11	6084.8	2920.8
ATAGGTTGTATGAGACGA	21	11	5795.0	2920.8
CTCTATGGTTCCCGAGAG	20	11	5505.2	2920.8
GACCTCGAGTAAGCCGCG	19	11	5215.5	2920.8
CATACTCGGATGCCGCGT	18	11	4925.8	2920.8
CCATAGTTAATGCGCTTC	17	11	4636.0	2920.8
GCAATAGCATACGCCTAA	16	11	4346.2	2920.8
ACGGCCTCGGATTATGAA	15	11	4056.5	2920.8
GCGAGGGATTTGCTACCT	14	11	3766.8	2920.8
TCCATCTCTGGGTGCGAC	13	11	3477.0	2920.8
TCGCGTATGACCGCTTTC	12	11	3187.2	2920.8
TATTGTCAGTGAGACCGC	11	11	2897.5	2920.8
TCTATCGACCGCCACTAC	10	11	2607.8	2920.8
ATATCGAAGTTTGGGTTT	9	11	2318.0	2920.8
CAAACAGCGTCTGGAACA	8	11	2028.2	2920.8
TGTACGATTAGTCCGACG	7	11	1738.5	2920.8
GTGAAGCTTTGCTGTCAA	6	11	1448.8	2920.8
ATAAATGAGCTCTTCACG	5	11	1159.0	2920.8
GTTCACTTGAGTCGAAAT	4	11	869.2	2920.8
GCCGTTATAGAAATACTC	3	11	579.5	2920.8
TAGGAGCCGCGTCATTTG	2	11	289.8	2920.8
AGATGCTGTGAGACCGCA	32	12	8982.2	3212.9
ACCTTTCACCTCGGTGCA	31	12	8692.5	3212.9
CCCGACTCGTGATAATTC	30	12	8402.8	3212.9
GTGTACCCAAGATAAGAT	29	12	8113.0	3212.9
CCCGGGTACTTTCGCGAA	28	12	7823.2	3212.9
GTGCTATTTAAGCCGATT	19	12	5215.5	3212.9
GATTGCCATGGTGCCACC	26	12	7243.8	3212.9
CTTTAAGACGCGGTTCAT	25	12	6954.0	3212.9
AGTCATAGGGAGCCGCCT	24	12	6664.2	3212.9
ACGTAAGGTGATGCGACG	23	12	6374.5	3212.9
CGTTAGGCGATATCTGTA	22	12	6084.8	3212.9
GTTAACGAATCAGATTGA	21	12	5795.0	3212.9
CGTCTATCCAACGTATAG	20	12	5505.2	3212.9
CACTATTCGGGAGTACGC	27	12	7533.5	3212.9
GTTAACTGGACAGAGCGT	18	12	4925.8	3212.9
GTCTGATTCCAGCGAGAC	17	12	4636.0	3212.9
ACCCGGCGTAACTAGATA	16	12	4346.2	3212.9
ATGTGTTGGGAATCCCAG	15	12	4056.5	3212.9
CATGGTACGATCGCGCCC	14	12	3766.8	3212.9
GTTGTGATGCGCCCAAAG	13	12	3477.0	3212.9
CATACGCTATCTCCGCCC	12	12	3187.2	3212.9
TAAGCGGACCGGTTCGAG	11	12	2897.5	3212.9
GGTGCCTATCACTTGCCC	10	12	2607.8	3212.9
ACCAGAGCCGTTGAGCAA	9	12	2318.0	3212.9
TAACTGCGTTACGCGATT	8	12	2028.2	3212.9
AGAACAAACTGTTAACAC	7	12	1738.5	3212.9
TATGTTGGCCAATGTGCA	6	12	1448.8	3212.9
TGCTTACCGGTGGATTAC	5	12	1159.0	3212.9
CTAGGCTTCATCATTGGA	4	12	869.2	3212.9
TGTATCGATACCGGACGC	3	12	579.5	3212.9
TGCCGGTAATTATTGAGG	2	12	289.8	3212.9
CCGCTGCTATATTTGTCT	32	13	8982.2	3505.0
TGGCCGCGAATCCTGCAC	31	13	8692.5	3505.0
TCAACTCACAACGATGAA	30	13	8402.8	3505.0
GCGAAATTCTTCCCGGTG	29	13	8113.0	3505.0
CCCATGGAACGCCATTTG	28	13	7823.2	3505.0
CTGTGAGTTTAATACGCC	27	13	7533.5	3505.0
TGGTCGCTAGTACGTACC	26	13	7243.8	3505.0
GACGACACTTGTATGTGG	25	13	6954.0	3505.0
ACCACTGTAATCTCCCAT	24	13	6664.2	3505.0
TGAACATAGGTGGTACCA	23	13	6374.5	3505.0
TAACGCGTGCTGAGTAGG	22	13	6084.8	3505.0
GAGGCGTACACTACAACC	21	13	5795.0	3505.0
TTTCTAACTCATAAGGAT	20	13	5505.2	3505.0
TGGAACTACCTAGAAGCA	19	13	5215.5	3505.0
TTCTTGTTCCGAAGAGAA	18	13	4925.8	3505.0
CTCAAACCGGAACTCTGT	17	13	4636.0	3505.0
TTCCGGCAATCACTCAGA	16	13	4346.2	3505.0
ATGGGCTGAATGTCACAC	15	13	4056.5	3505.0
CGAACTAGAATCGATAGC	14	13	3766.8	3505.0
CACCGCGCTTGACGGATT	13	13	3477.0	3505.0
ACTAGTGAATCGCGACAA	12	13	3187.2	3505.0
GCGATTACCTATGATTTG	11	13	2897.5	3505.0
GAAACTGCATCCTCGACT	10	13	2607.8	3505.0
ACCTGACAGCGGAAACTT	9	13	2318.0	3505.0
CCTAGGTCGCGCTCGAGG	8	13	2028.2	3505.0
AGCCGACATGCTCTAAAC	7	13	1738.5	3505.0
AGACGGTGTTAAGGCTAC	6	13	1448.8	3505.0
TCTATCTAGACCTAGATG	5	13	1159.0	3505.0
GTTGCGCGTGAACCGAGT	4	13	869.2	3505.0
TCATAAGCGGGACACACT	3	13	579.5	3505.0
CAAGAGGAGCCGTACTTT	2	13	289.8	3505.0
GACAGTGTTTATTACTGA	32	14	8982.2	3797.0
TGGTATGCGGGCTACACC	31	14	8692.5	3797.0
TGACGCTCGTCTATAGAG	30	14	8402.8	3797.0
TGAGGGTAAGCTTCCTAG	29	14	8113.0	3797.0
CGCGCCCTCAGCTGTCTT	28	14	7823.2	3797.0
CGTTCCTTAGGTCCTGAC	27	14	7533.5	3797.0
CCTCACGCCGGACGAGTT	26	14	7243.8	3797.0
TCGGCGCGTTATGTCTAA	25	14	6954.0	3797.0
ATAGCCATATCGACGCGG	24	14	6664.2	3797.0
CGACCGAGGCGCTACCTT	23	14	6374.5	3797.0
ATGCGTACCGCGATCTAT	22	14	6084.8	3797.0
TGCCTGGTGTTAAGGCTC	21	14	5795.0	3797.0
TAGTCGCTATATCAGGAT	20	14	5505.2	3797.0
GCGGCACTTGGGATCGCC	19	14	5215.5	3797.0
CGGCGCCTGAATCATAAA	18	14	4925.8	3797.0
ACATGTGTCGTTTCAAGA	17	14	4636.0	3797.0
GTAACGCCTACTAGGAAG	16	14	4346.2	3797.0
TAACAGGGCCCGAGGTTC	15	14	4056.5	3797.0
TGAAACTCCTGTCTCGCG	14	14	3766.8	3797.0
CATCATCTTACAAGAAAG	13	14	3477.0	3797.0
TTATGGAGCTTAAGCCGC	12	14	3187.2	3797.0
CGCTAATTGCCCGATCCG	11	14	2897.5	3797.0
ATACCCATGCGGCTCACG	10	14	2607.8	3797.0
TCCGGAGCGAACACGATT	9	14	2318.0	3797.0
GTTCCTGTGGTATTATGA	8	14	2028.2	3797.0
ATGAACCGCGTTAGTACG	7	14	1738.5	3797.0
GTATGCTCGGTCAACAAT	6	14	1448.8	3797.0
ACAAACCTACTCCGCTGT	5	14	1159.0	3797.0
CGGTTACAAATTCTCTCA	4	14	869.2	3797.0
TAAAGTAATCGCCGTAGG	3	14	579.5	3797.0
GCTATACCGCCGTGTGTC	2	14	289.8	3797.0
TATTACGTGCGGCACTCG	32	15	8982.2	4089.1
GTTGTTGAAACATCTCTA	31	15	8692.5	4089.1
CTGCATAGCGATCGCGGG	30	15	8402.8	4089.1
CTCGCATCAATGACTCGT	29	15	8113.0	4089.1
ATTACTGGTTGTCAGCAG	28	15	7823.2	4089.1
AGTTCCCGCATAGTGCCG	27	15	7533.5	4089.1
ACACAGATCCTGTTCTGA	26	15	7243.8	4089.1
GAGCATCGTAATCTAGGT	25	15	6954.0	4089.1
CCATGTCGTAGGATGGCC	24	15	6664.2	4089.1
TAACAAAGACTGGCTCTA	23	15	6374.5	4089.1
GCCGAATTCTGCCATGTG	22	15	6084.8	4089.1
ACGGAAATCAGTGGTATT	21	15	5795.0	4089.1
TCACTCATACTTGGCCGG	20	15	5505.2	4089.1
ATCCGTAACATCTTATCA	19	15	5215.5	4089.1
CGGAGGGATGCAATGTCT	18	15	4925.8	4089.1
GCGAAAGTAGGTTCCGGA	17	15	4636.0	4089.1
TCCTAACGCTACTATCTG	16	15	4346.2	4089.1
GATACTTCGGGATGCGGG	15	15	4056.5	4089.1
CGCTTACATAGAAGATTA	14	15	3766.8	4089.1
CTCATCTACAAAGAGGTC	13	15	3477.0	4089.1
CGGAGCCAAGACTCGTCT	12	15	3187.2	4089.1
CGTCTCAAACATTCGGCC	11	15	2897.5	4089.1
CTCTATGTTTACGCAGGT	10	15	2607.8	4089.1
TTTATGCCACTCGGCTAG	9	15	2318.0	4089.1
AGCAACTGTGCGACCATC	8	15	2028.2	4089.1
GCCCGAGCGCGTGTAACA	7	15	1738.5	4089.1
CAGCATCTTTGGAGCGGT	6	15	1448.8	4089.1
ACCGATCCCATACTAGCG	5	15	1159.0	4089.1
GAAAGGTAGCCAACTCTT	4	15	869.2	4089.1
GGCGTAACGTAAATTGGG	3	15	579.5	4089.1
GCCGACCAGATTATGCCC	2	15	289.8	4089.1
TGGTTTAGTCAGACATCG	32	16	8982.2	4381.2
CTGGAAGCCACTGATAAC	31	16	8692.5	4381.2
CCCGCTAGTTGGTATGTA	30	16	8402.8	4381.2
CCGACATGTTGCACTGCT	29	16	8113.0	4381.2
TTATGAATGAACCCTACT	28	16	7823.2	4381.2
ATTAGCTCGTAGTTAGAA	27	16	7533.5	4381.2
TCGACCATTCCATACCGT	26	16	7243.8	4381.2
GGTCGTAACAGGCCGGTC	25	16	6954.0	4381.2
TAAACTCACATTGTCTAA	24	16	6664.2	4381.2
AGGACCGTATAGAGCCTA	23	16	6374.5	4381.2
GGTTTCTCGACTGTCGGC	22	16	6084.8	4381.2
CAATGCCTCGACCGAGCG	21	16	5795.0	4381.2
CTTGTCGTCTCCACCTCA	20	16	5505.2	4381.2
GTGCGGTTGTATCTTCAG	19	16	5215.5	4381.2
GACCAAGAGTAGCGAGGG	18	16	4925.8	4381.2
AGACTTGCGATATACTAT	17	16	4636.0	4381.2
ACAACTATGGGTTGGCGG	16	16	4346.2	4381.2
CTATTCATACTCGGGTAC	15	16	4056.5	4381.2
GTATACTGGGCGAACCAA	14	16	3766.8	4381.2
CTATGTCTATGACCGCGC	13	16	3477.0	4381.2
TATTTACCTGTTAAAGGC	12	16	3187.2	4381.2
GACTACGTAGGATGCCAG	11	16	2897.5	4381.2
CTGGAGCATCGACTTGAG	10	16	2607.8	4381.2
AGCCTGAACAGCGCTAGC	9	16	2318.0	4381.2
ACCGGAGTAAATTAGCGG	8	16	2028.2	4381.2
TAAGGCCGGTTTCCAAAT	7	16	1738.5	4381.2
AGTATACATCTAGCCGGT	6	16	1448.8	4381.2
GCATTAATAGATAGGATC	5	16	1159.0	4381.2
ATAGCTTCGTGGAAGGAA	4	16	869.2	4381.2
ATGGATGTGCCAAATCTT	3	16	579.5	4381.2
TAAGTCTCTGGGCGGAAT	2	16	289.8	4381.2
GAATGCTCCTTGCACATT	32	17	8982.2	4673.3
GACCAGCTCAGGAGAAGC	31	17	8692.5	4673.3
GAGAAATTAGCAAGACGT	30	17	8402.8	4673.3
CCATAAAGCAAGGAGCAC	29	17	8113.0	4673.3
CAACCTCGAACGGGAGTC	28	17	7823.2	4673.3
TGGGCCGTACTATACCAT	27	17	7533.5	4673.3
TGATGATAGCTAAGTACA	26	17	7243.8	4673.3
GGCTCCACAGGCATAATG	25	17	6954.0	4673.3
TACATTAACAGCCGTCCG	24	17	6664.2	4673.3
CTATCCGCGTCCAATGAG	23	17	6374.5	4673.3
GGATAGTACGTCAATGTG	22	17	6084.8	4673.3
CCTCAGGAAGGGTGTATC	21	17	5795.0	4673.3
TGAAGGCATCTAAATGTG	20	17	5505.2	4673.3
TTAGACGAGCTCGTAGTT	19	17	5215.5	4673.3
GTTATGTAATAACCCTCT	18	17	4925.8	4673.3
TCTAATAAACCGACCGTA	17	17	4636.0	4673.3
TTCACAACGCGTAGGCTC	16	17	4346.2	4673.3
GTTGCCAACCGGTAGTCC	15	17	4056.5	4673.3
GGCTGGATCCGAATATAG	14	17	3766.8	4673.3
TATGTGACAGAGCCCTAC	13	17	3477.0	4673.3
AGGTATGATTACTCGCCT	12	17	3187.2	4673.3
GAGCCGACGAATCTTCTA	11	17	2897.5	4673.3
CGCTCATTCGCAGACGTA	10	17	2607.8	4673.3
CTGAGCTATTGGGCGTCG	9	17	2318.0	4673.3
TATCCTCCAGTTATGTTG	8	17	2028.2	4673.3
TATCTTTACTCGGCGGCC	7	17	1738.5	4673.3
GGCCTGTCCACGATAAGG	6	17	1448.8	4673.3
CAATCGCTGCTCTGGAAT	5	17	1159.0	4673.3
CATTGGTGATTCAAGCTA	4	17	869.2	4673.3
ATTCATTTACAAGGCTGT	3	17	579.5	4673.3
ACATATTTAAGCTGCATG	2	17	289.8	4673.3
CGAACTATTATCCCGGGT	32	18	8982.2	4965.4
TCACGGTAGGACTTACGC	31	18	8692.5	4965.4
TTGCCCTATCCCATGTCT	30	18	8402.8	4965.4
TAGCTTGAGAACCGAAAG	29	18	8113.0	4965.4
CTACAATCGCGCGTGATC	28	18	7823.2	4965.4
CGCCGTCTCTAAATTGAC	27	18	7533.5	4965.4
CAAACTGGGTAGTCAATG	26	18	7243.8	4965.4
ATCCCAGGACTTAGTTCC	25	18	6954.0	4965.4
CTGAAGTGTTCCGTTTCC	24	18	6664.2	4965.4
ATACGTATCCATGGAAAT	23	18	6374.5	4965.4
GATGGCCAGATTCGTTAG	22	18	6084.8	4965.4
GTGATCGGTCCTGTATAG	21	18	5795.0	4965.4
GCGCGTGTATTACGACGA	20	18	5505.2	4965.4
CTGAGGGTTGTATAAGTC	19	18	5215.5	4965.4
TAAGAAACACCCGCTGAC	18	18	4925.8	4965.4
CCCTTTCAACCTCTCGAT	17	18	4636.0	4965.4
GGACTTACGACAACTATG	16	18	4346.2	4965.4
TCTGCACAAACAGTGACT	15	18	4056.5	4965.4
ACATTTAAGGCGCATGAT	14	18	3766.8	4965.4
TCTGATCCCGCCGGAAAG	13	18	3477.0	4965.4
GAATTATTCCGCAGGGCT	12	18	3187.2	4965.4
GCGCGATTAGTCCCTTAC	11	18	2897.5	4965.4
CCCGCGGAATGAAGCATC	10	18	2607.8	4965.4
ATCCCGTGATCGCACCAT	9	18	2318.0	4965.4
TCGTCAAGACCCGTCAGG	8	18	2028.2	4965.4
CTTACACTAGGCGTAAGG	7	18	1738.5	4965.4
GTCCAATTGCATATTCCC	6	18	1448.8	4965.4
GAGGGCGCGTCATTACGG	5	18	1159.0	4965.4
CAGCACCGTGTAGTTAAC	4	18	869.2	4965.4
TCTCTGGGATTACCCTTA	3	18	579.5	4965.4
GCAAACGTTAGAGCATAC	2	18	289.8	4965.4
ATGCGAGTCTGCGAGACT	32	19	8982.2	5257.4
TTCACAAGCCGTCTGCTC	31	19	8692.5	5257.4
AGATAAATCGATTGGTGT	30	19	8402.8	5257.4
GAGATGGAACGACATGGT	29	19	8113.0	5257.4
TTCGGCACGGTATGATGC	28	19	7823.2	5257.4
CTCCGCTCTTTCATGACG	27	19	7533.5	5257.4
ACTCGCTCGGTACCATTG	26	19	7243.8	5257.4
CGTCATAGTGCGACGCCG	25	19	6954.0	5257.4
TGAAAGGGAACCGAGCAG	24	19	6664.2	5257.4
CTGATGCATTAGATACGG	23	19	6374.5	5257.4
AGCTAGATGTTCCGAGCG	22	19	6084.8	5257.4
GACTCATTTGCAACAGGT	21	19	5795.0	5257.4
TTGACTTATCCAGGTAGC	20	19	5505.2	5257.4
TAAGCTTACGAGCCCGCC	19	19	5215.5	5257.4
TATCGAACTAAGGTCGCG	18	19	4925.8	5257.4
TACCTTTGTGTAATGGCG	17	19	4636.0	5257.4
ACGTAAGCGGACGCATGA	16	19	4346.2	5257.4
TGATTCTTGTCGCAGCAT	15	19	4056.5	5257.4
GTGCCCGCCGGACTTAAG	14	19	3766.8	5257.4
CTCAGTATGCATGAGCAG	13	19	3477.0	5257.4
TCCGAATTCAAATTAAGG	12	19	3187.2	5257.4
CAACATCGACCCTATTCC	11	19	2897.5	5257.4
AGGGACGTTAGTGTGCCA	10	19	2607.8	5257.4
ATGAATTTAGCGCCCGCT	9	19	2318.0	5257.4
GGCCTCACGCTGGATATT	8	19	2028.2	5257.4
GCGTTTCCAAGCACGCGG	7	19	1738.5	5257.4
TCTGCCAGGTGCCGGACG	6	19	1448.8	5257.4
GGGTTCTTAGCGGGAGTG	5	19	1159.0	5257.4
GGTAAATCTTATGATTCC	4	19	869.2	5257.4
AGCGGGACATGGCCACTC	3	19	579.5	5257.4
TATTCCAGCAAGTAACCT	2	19	289.8	5257.4
CCTGTAGGCTCGTTGCGA	32	20	8982.2	5549.5
CCGCTTATTCGACTTGTA	31	20	8692.5	5549.5
AGTTGAGGGCTACGCACG	30	20	8402.8	5549.5
TAAACTTATCGGCACTGA	29	20	8113.0	5549.5
TTGTTGGAAGACCGTCGG	28	20	7823.2	5549.5
CGACACGCTTAGTACCGA	27	20	7533.5	5549.5
GCCTATAACTGCGTGGAA	26	20	7243.8	5549.5
ATGTTCTGCGAATTCGGG	25	20	6954.0	5549.5
CCACTGTTACGGCATAGT	24	20	6664.2	5549.5
GAGAATTCGCAGCAAATC	23	20	6374.5	5549.5
TTAATTCCATGCCAGGGC	22	20	6084.8	5549.5
GTTGTCATGCCATATCGG	21	20	5795.0	5549.5
TTTATTTGCGATCAAGGA	20	20	5505.2	5549.5
ACTGCTGTACATTCGATC	19	20	5215.5	5549.5
TTCACCAATGCTGTAGTA	18	20	4925.8	5549.5
GCGAACATTCCTTTATGA	17	20	4636.0	5549.5
AGCGCCCTCCGAATGTTG	16	20	4346.2	5549.5
CCTCTGCAATAAACAAAG	15	20	4056.5	5549.5
GCGGACGTGTACCAGTAA	14	20	3766.8	5549.5
TACTTGCCAATCTCTGAG	13	20	3477.0	5549.5
GTCACGGATCGAGGGATA	12	20	3187.2	5549.5
CCACGTCAGCCCTGTGAG	11	20	2897.5	5549.5
TACGATGGGACAATCAAA	10	20	2607.8	5549.5
GGTTAGTTAGACCAACTA	9	20	2318.0	5549.5
CATTTATCTGGTTGGTAC	8	20	2028.2	5549.5
CTCATGATCGTTCAAACC	7	20	1738.5	5549.5
AGACATTAAACGTGGATG	6	20	1448.8	5549.5
TTACACGCCCGATCGATA	5	20	1159.0	5549.5
GGACTGACAATAAGAATG	4	20	869.2	5549.5
AGCATAAATACGTGAACT	3	20	579.5	5549.5
GCGGCATGAAGTAGGTAA	2	20	289.8	5549.5
GCCTTTCTGGATCGAAAC	32	21	8982.2	5841.6
GTTAGCGGGCCCATCGTA	31	21	8692.5	5841.6
AGACCAACAGTAGCGGAT	30	21	8402.8	5841.6
CCGTTTAAGATCCTCTAA	29	21	8113.0	5841.6
TGCTCACCTAGTGACTCA	28	21	7823.2	5841.6
TAACGCGGAGATCTATGC	27	21	7533.5	5841.6
TCACCTTGAGGCATTACG	26	21	7243.8	5841.6
TTCCAAATCTGCTCGTGA	25	21	6954.0	5841.6
ATAAGTGCGTGAGCTGGA	24	21	6664.2	5841.6
CGTCAGATTCTACTAAGT	23	21	6374.5	5841.6
GACACGTCGGTCCTCCTT	22	21	6084.8	5841.6
TTAGGTGATGTCAGACAC	21	21	5795.0	5841.6
GTCAAAGATTACTCCTGC	20	21	5505.2	5841.6
TGCTCCTGCGTACACAAT	19	21	5215.5	5841.6
CAGCACATGATGTTCTAG	18	21	4925.8	5841.6
GGATCGATGCATTTGGAG	17	21	4636.0	5841.6
CTTCCAACTCTCGCATAG	16	21	4346.2	5841.6
GCCGAAAGACTAGGTCTC	15	21	4056.5	5841.6
GAATATGAGTTGATACAG	14	21	3766.8	5841.6
ACATCACCTGCGCGCTCT	13	21	3477.0	5841.6
TGTCAAAGGCCTATCAGC	12	21	3187.2	5841.6
ATATGGGTGTAACAAGAA	11	21	2897.5	5841.6
CTTGAGATCTTCTTGCGG	10	21	2607.8	5841.6
ATGATCCTTCGCCTGTAC	9	21	2318.0	5841.6
AGGCCGCTGCACAAGTCT	8	21	2028.2	5841.6
TTCCGATTGTATAGCCGC	7	21	1738.5	5841.6
GTTCTCGCAAGGCGTGGG	6	21	1448.8	5841.6
CAAGCGCGCATTAGATGT	5	21	1159.0	5841.6
ACACAGCGTTGTGGAATC	4	21	869.2	5841.6
ACGCAACGTGCCAATCGT	3	21	579.5	5841.6
GATGGTATCGGTAACATA	2	21	289.8	5841.6
TCTTACGAATCCAGCCCG	32	22	8982.2	6133.7
GGTCTGTAATCCAGGAAC	31	22	8692.5	6133.7
AGGCCGCACACCTGTAGT	30	22	8402.8	6133.7
GACTGAATAATTCGGTGC	29	22	8113.0	6133.7
CGTCTCCTATATCATTGG	28	22	7823.2	6133.7
GACTTAGCTTGACATGGA	27	22	7533.5	6133.7
GTTACTACGCCCATAAGT	26	22	7243.8	6133.7
CTAGCGACGATAGATATT	25	22	6954.0	6133.7
GAGCCACGTATTGTCTTT	24	22	6664.2	6133.7
CATAGCACCGCATTACTC	23	22	6374.5	6133.7
CAACTTTGCGATATAATA	22	22	6084.8	6133.7
CTATCGCGGATGGTATCC	21	22	5795.0	6133.7
CGACCATGGCCTGTGAGG	20	22	5505.2	6133.7
TCACAGCGTCACTGCTAT	19	22	5215.5	6133.7
CAGAAGCGAGCCGAAGTC	18	22	4925.8	6133.7
CGGCCAAAGATACTTTAA	17	22	4636.0	6133.7
GAAGATTCGCCCGGTCCA	16	22	4346.2	6133.7
CGCGGGACACAGTCAACC	15	22	4056.5	6133.7
GACCGAGGCGACGCCAAT	14	22	3766.8	6133.7
ATAATAGGAGCGCGACGT	13	22	3477.0	6133.7
CCGCCAGTTAATCAGCAA	12	22	3187.2	6133.7
ATGAATGACGGAGGTACT	11	22	2897.5	6133.7
TGCCGGATTGACGGTTAT	10	22	2607.8	6133.7
TACCGCCGATTCCTGCAG	9	22	2318.0	6133.7
ATACAGTGGTGCATCCGC	8	22	2028.2	6133.7
CCCAGCAACCGTTGATCC	7	22	1738.5	6133.7
ATCTCACATCACTGAAGC	6	22	1448.8	6133.7
AGCGCCATTTAGGTCGAA	5	22	1159.0	6133.7
TGGATCCGTCTGTGATAA	4	22	869.2	6133.7
CGTAACACTCGCAGCCAT	3	22	579.5	6133.7
GTTAGAATCATCGGAACC	2	22	289.8	6133.7
TGCGCGTGTTCCGATATT	32	23	8982.2	6425.8
CATCCTGAGGAGCCTGAT	31	23	8692.5	6425.8
TTCTAGTCGCGCCAGTAT	30	23	8402.8	6425.8
CTAGGACGTCAAGATGAC	29	23	8113.0	6425.8
TCGCGATAGAAGGTTCCA	28	23	7823.2	6425.8
ACCCTGAAGCCCTTAACA	27	23	7533.5	6425.8
TCCTTGTAGCTCTGGTAC	26	23	7243.8	6425.8
CTTTCACTGTCAGATACG	25	23	6954.0	6425.8
CTATTTCAGCTACTTAGG	24	23	6664.2	6425.8
CATGCACCTCAGTGTATC	23	23	6374.5	6425.8
ATGAGGCCGCGACATTCG	22	23	6084.8	6425.8
CCGTCCGCGTCCATTGTA	21	23	5795.0	6425.8
CGTTATGGAGCCATCCCT	20	23	5505.2	6425.8
TATGTAACCGCAGGCCAA	19	23	5215.5	6425.8
CGTCCTAGCTAAGTCGCC	18	23	4925.8	6425.8
CTAACATTAGTCGCCGTT	17	23	4636.0	6425.8
TCTCAGGTGATAAGGATG	16	23	4346.2	6425.8
TCTCCGTACACGCGCCTT	15	23	4056.5	6425.8
TAACTTCGATCAGGCTTA	14	23	3766.8	6425.8
TGTTCCGATGGGAGAAGC	13	23	3477.0	6425.8
TCTTCCCAAGTGCTTATA	12	23	3187.2	6425.8
CTTGTCAGATTTATGCAG	11	23	2897.5	6425.8
ATTTGCAAGAAGCCGGGC	10	23	2607.8	6425.8
ACCGGGTAAGATGTAGGC	9	23	2318.0	6425.8
TGGTCCAATAAATTAAGC	8	23	2028.2	6425.8
CTATATGTTGTCCTGTGA	7	23	1738.5	6425.8
GCATTGATAGGAATCCTG	6	23	1448.8	6425.8
TTTACCTCTGCGAGTTGA	5	23	1159.0	6425.8
GAGACCCTCGAATGGGCA	4	23	869.2	6425.8
TCTGGGCCCTATATTCCA	3	23	579.5	6425.8
TTTACACTCCTTTGCCGT	2	23	289.8	6425.8
TCTTGAATCCTGCCTAAC	32	24	8982.2	6717.8
GAAGTTAGTTCTCGCGTT	31	24	8692.5	6717.8
CGGCCGTTAACTTCCGCG	30	24	8402.8	6717.8
CTGGGCGGCCATTAGCTA	29	24	8113.0	6717.8
GGTTAGCCAAGGAGTATT	28	24	7823.2	6717.8
GTGCCGATGCTTAGACGA	27	24	7533.5	6717.8
CTGAGGCCCAAACAATCA	26	24	7243.8	6717.8
GAGCCTTGAGTCTTGACT	25	24	6954.0	6717.8
TGCCAGGTCTGACGTATG	24	24	6664.2	6717.8
GTTACGGCCGAATCACGC	23	24	6374.5	6717.8
GGTAATAGTTGATGGGCT	22	24	6084.8	6717.8
GGTTTGTAAGTTAGCTCG	21	24	5795.0	6717.8
GTTGCCTCTTGTAAATTC	20	24	5505.2	6717.8
GTCAGCCAATATGCTCTT	19	24	5215.5	6717.8
GACTTCGTTCGTGCACGC	18	24	4925.8	6717.8
GAATCCTTTCCGCTAGGG	17	24	4636.0	6717.8
GGCTATCCTCTAGAGCAG	16	24	4346.2	6717.8
CATATAGCGCACATCGAA	15	24	4056.5	6717.8
AGGGACGTCGTTTGCCTG	14	24	3766.8	6717.8
CAAACTAGGGTCCGATGT	13	24	3477.0	6717.8
TTGCCGATGCGCGTAACC	12	24	3187.2	6717.8
TGTTAATTGACTGCTCTT	11	24	2897.5	6717.8
GTACTTAAGCCTCAGTTA	10	24	2607.8	6717.8
CCTTTGACACTGTCTCTA	9	24	2318.0	6717.8
GAGTAGCTTGGATGATGT	8	24	2028.2	6717.8
GAATAATCAAACCGATCG	7	24	1738.5	6717.8
GTTCAACACCTCACCAGC	6	24	1448.8	6717.8
GTTGTCGCGGAGTACTGG	5	24	1159.0	6717.8
GTCCGTAGTGACTCGCGT	4	24	869.2	6717.8
GTGCCACTCAAAGAAGGG	3	24	579.5	6717.8
AGCAGGACAGACCGCGTT	2	24	289.8	6717.8
ATAGGTACCGGTGGGCGC	32	25	8982.2	7009.9
GATCGCTGAAAGGATAGA	31	25	8692.5	7009.9
GAACTTCCGCGTGAAGCC	30	25	8402.8	7009.9
TCACGAGAGGTAACCTTC	29	25	8113.0	7009.9
ACCTGCTATCACACCGTG	28	25	7823.2	7009.9
CTCACGCCTAGACCACTG	27	25	7533.5	7009.9
GTGAGTCTAGGCCCACGT	26	25	7243.8	7009.9
GTAATAGCTGTAACCCTT	25	25	6954.0	7009.9
GCCATACTAGCTCGCAGG	24	25	6664.2	7009.9
TCGGTCGTGCGACATTGC	23	25	6374.5	7009.9
GATTATAACCTGGTTTGC	22	25	6084.8	7009.9
TACTTATGCATTACAATT	21	25	5795.0	7009.9
TTAACTGGCCAGCAACAG	20	25	5505.2	7009.9
TGAGGTTAGTAACGAGCG	19	25	5215.5	7009.9
GGTAGGCCTATAACGAAG	18	25	4925.8	7009.9
TCCATTGTCGACCGTACC	17	25	4636.0	7009.9
GAATGAGGCGTGCCAAGG	16	25	4346.2	7009.9
GCAACCTAGACAAACCAC	15	25	4056.5	7009.9
CCATAGAAGTTGTAGTGA	14	25	3766.8	7009.9
TAAAGGAACATTCCGGTG	13	25	3477.0	7009.9
TTGATACGCCGGCTATGG	12	25	3187.2	7009.9
TTTAGCTCCGCTCAACGC	11	25	2897.5	7009.9
GAGCCTGTTGCGCGCTAG	10	25	2607.8	7009.9
CCTTAGGGCCTCTCCACA	9	25	2318.0	7009.9
CATGTCCGAATTTCATAC	8	25	2028.2	7009.9
CTTAATGCTCTGTCGCAC	7	25	1738.5	7009.9
GAACATAATTGCACCGTC	6	25	1448.8	7009.9
CACCAGGCTCGAAACGCG	5	25	1159.0	7009.9
GGCCGGGTTAGTTACTCA	4	25	869.2	7009.9
CGATACAAATGCTGAAGC	3	25	579.5	7009.9
CCTGCTTTGCTGTTAGGA	2	25	289.8	7009.9
GAGTTAACATAGCGTCGG	32	26	8982.2	7302.0
TAGTCGCCCTTGGTCCAG	31	26	8692.5	7302.0
CTCCCAACGGCGAATTAT	30	26	8402.8	7302.0
GTTCTCAAGCGGGATACA	29	26	8113.0	7302.0
TATTCGCCTCACAAGGTA	28	26	7823.2	7302.0
TTGGCTCCGTGTCTAGCG	27	26	7533.5	7302.0
CTACATGTCGACGTTGGT	26	26	7243.8	7302.0
GCTCGAGGCAACGTACCG	25	26	6954.0	7302.0
TTTGGTGCATGGAGCCAC	24	26	6664.2	7302.0
TTCCGAGCTGTACAAGTC	23	26	6374.5	7302.0
CGGTGCAAGATGTCTAAT	22	26	6084.8	7302.0
CTCACCTGAGGTCTATAA	21	26	5795.0	7302.0
CGTTAAGCCCGGCCTATT	20	26	5505.2	7302.0
CAGAATATAGTGCTCACT	19	26	5215.5	7302.0
AGCTGCGGAATGACTACT	18	26	4925.8	7302.0
CATCTGCTGTAGTCCGAT	17	26	4636.0	7302.0
TGCCCTAATGCGCGACGA	16	26	4346.2	7302.0
CGTCGGCCGAAGGAACCT	15	26	4056.5	7302.0
GATCTGCACAACTCTGCC	14	26	3766.8	7302.0
TTAAGGACTGTAATTGGG	13	26	3477.0	7302.0
GAAGCTATATGCGCTGAC	12	26	3187.2	7302.0
GGACCGCTTTGGGTGTTC	11	26	2897.5	7302.0
CGGAGGTATGCTATATTT	10	26	2607.8	7302.0
CCGTCATTGTGTTAGGAC	9	26	2318.0	7302.0
TATCTGCTGTGTTTACGT	8	26	2028.2	7302.0
GGCTCAAATTAAATGCGA	7	26	1738.5	7302.0
GACCTATGCATGTTGAAT	6	26	1448.8	7302.0
AGTCACACTGTGCCCATA	5	26	1159.0	7302.0
CAGCTAAGCACTATGTAC	4	26	869.2	7302.0
TGTCGCAGAACGTCCGTA	3	26	579.5	7302.0
CGGGTTCTGTAATGCGGG	2	26	289.8	7302.0
ACAGATGGATGGGAAACT	32	27	8982.2	7594.1
TGCACCTCTAAACTTATG	31	27	8692.5	7594.1
CCGTTTACTCGCCGGATC	30	27	8402.8	7594.1
TATGGCCACTCCGAACGC	29	27	8113.0	7594.1
TTGCGCGTACAGGAAGCC	28	27	7823.2	7594.1
CCCGTCTCTAGAGCAAGG	27	27	7533.5	7594.1
ATTATAGGAGCGCCCAAG	26	27	7243.8	7594.1
CGTTCTATAACCACTCGT	25	27	6954.0	7594.1
CGTTTCGGGCTCGAATCT	24	27	6664.2	7594.1
ACCTTAGCTGGGCTACAA	23	27	6374.5	7594.1
CTCAGGGCCTTAGTGACG	22	27	6084.8	7594.1
CGAATGGTCCAGTTAGTA	21	27	5795.0	7594.1
TCTTACGTATACCTGGTT	20	27	5505.2	7594.1
TACTTGTTAAGGCGACGC	19	27	5215.5	7594.1
CTCGTTACGTCAAGCAAC	18	27	4925.8	7594.1
GCACGTCTAGTAACCACG	17	27	4636.0	7594.1
ATTGTCTAGAGGTAGGCA	16	27	4346.2	7594.1
GTACTGGTAAACCATCTC	15	27	4056.5	7594.1
TCATGGCCCTCAACGACC	14	27	3766.8	7594.1
ACTGCGATATAATAGGAC	13	27	3477.0	7594.1
CATGCGTAACGGCTAATC	12	27	3187.2	7594.1
TCGTGGTGATCCGGCCCA	11	27	2897.5	7594.1
CGACTTATGTACGCCGGG	10	27	2607.8	7594.1
TTCCATGATCGTACGCGT	9	27	2318.0	7594.1
CACTAGAATAACGGCCGC	8	27	2028.2	7594.1
TCCGCTAGGGCTGTATGC	7	27	1738.5	7594.1
TGAATTTCTCCCAACATG	6	27	1448.8	7594.1
CCACCAGTTCACGTAGGC	5	27	1159.0	7594.1
TTCTCAGATGTAATGAAA	4	27	869.2	7594.1
AGAACTTTGTCTCACGAT	3	27	579.5	7594.1
GCCATTCCATGCAGATCG	2	27	289.8	7594.1
TCAAGGCGCGCCGTGGAT	32	28	8982.2	7886.2
CTGGTGCCATAATAAAGC	31	28	8692.5	7886.2
TTGACTCACGGCTCGGTT	30	28	8402.8	7886.2
CGAGGTGAAACTGATTTG	29	28	8113.0	7886.2
TTACTCCGCAACGGTAGG	28	28	7823.2	7886.2
AGCGAATAGCGGTGCGAT	27	28	7533.5	7886.2
TACAATTGAATACAAACC	26	28	7243.8	7886.2
ACAGGTAACGCTTACCAG	25	28	6954.0	7886.2
TCTTAGGTCGGCGACCGA	24	28	6664.2	7886.2
CTATGCTCACGTTACGCC	23	28	6374.5	7886.2
TGAATTACCGCAAGTTGT	22	28	6084.8	7886.2
GCGCATGGTATAGTAACA	21	28	5795.0	7886.2
GGCTAGACCTCGCGGTTG	20	28	5505.2	7886.2
CGACATAACGCGTAGGAC	19	28	5215.5	7886.2
CCTCCTGGCGTCCGATAT	18	28	4925.8	7886.2
CGTCCGTCATTCTTCTAG	17	28	4636.0	7886.2
GCGCCCTTTGATAGGTGG	16	28	4346.2	7886.2
TGCGCCACAGTGTATGAA	15	28	4056.5	7886.2
CCAACTTAGTAAGCTATA	14	28	3766.8	7886.2
ATAAGACTCTGCGTGACA	13	28	3477.0	7886.2
ACTTCAAGCTGTGACCGT	12	28	3187.2	7886.2
ATATCTCACGGTACCGTC	11	28	2897.5	7886.2
CATCGCAAGTTCGGGTGC	10	28	2607.8	7886.2
ACCAAATCCTGTATTTGA	9	28	2318.0	7886.2
TATTGTAGGTGAGCGCGG	8	28	2028.2	7886.2
TACATCTCCCGGTGCCTG	7	28	1738.5	7886.2
GTAGGCATGCAATGTCCA	6	28	1448.8	7886.2
TCTTGCCGAAACGTACGG	5	28	1159.0	7886.2
TTACCTACCGCTCAGTGA	4	28	869.2	7886.2
CTCGCGGAGTCAAACATG	3	28	579.5	7886.2
ACAACTTGTACGGACCCT	2	28	289.8	7886.2
GGCTTAGGCGCATGGTAA	32	29	8982.2	8178.2
CCTCTAAGTAAATATTGG	31	29	8692.5	8178.2
TACTTCGGATTGCGTAGC	30	29	8402.8	8178.2
TAGTCATGCTGCTCTGCA	29	29	8113.0	8178.2
TGGGCCGCGCGTCAAAGT	28	29	7823.2	8178.2
GCGACCGGATTTGTGTAG	27	29	7533.5	8178.2
GCGGCCAATACAGTCTCC	26	29	7243.8	8178.2
AGCCGGTAGTCTGTGAGA	25	29	6954.0	8178.2
GACTTACTGGAGACACCG	24	29	6664.2	8178.2
TGTATAGTCTGCGGAGCC	23	29	6374.5	8178.2
GATGAACCTAGTCCCGTG	22	29	6084.8	8178.2
CGAAGCCCAGGAAATACT	21	29	5795.0	8178.2
ATGCAAGCTCTTGTTGAG	20	29	5505.2	8178.2
GTTTGGTCCAGCTACTCC	19	29	5215.5	8178.2
GCCTCTCGCCTAGTAAGG	18	29	4925.8	8178.2
GGATTACGTAGGTATTTG	17	29	4636.0	8178.2
TTTAACATTGTCGTCGGA	16	29	4346.2	8178.2
ACGCATATAAGCTGATCA	15	29	4056.5	8178.2
AGCCCTCGGACGCACCAA	14	29	3766.8	8178.2
TCAGATGGAACTGCTGTC	13	29	3477.0	8178.2
GTAGTCACAGCGAAAGAA	12	29	3187.2	8178.2
CTATTCGAATCGCACTTT	11	29	2897.5	8178.2
CGATGCAGCCCAGCAAAG	10	29	2607.8	8178.2
ACAAGAAGCCTGTCCGCG	9	29	2318.0	8178.2
CGAAGATCGGTGCAGGCA	8	29	2028.2	8178.2
AGATGTTCTTCGGTTGAT	7	29	1738.5	8178.2
TATAAGGTGGTCCGCCAG	6	29	1448.8	8178.2
GCGGACACTCTCTGACCC	5	29	1159.0	8178.2
TAAGTAAAGGATTACTGA	4	29	869.2	8178.2
AGACCAGCTCCTATTTAA	3	29	579.5	8178.2
TGTCCGGCCCTCTGTTTA	2	29	289.8	8178.2
ACGTCTAAATTAACGCCC	32	30	8982.2	8470.3
ACCCGCGACGATCTAGGA	31	30	8692.5	8470.3
AGCTCCTGTGCGGATGTC	30	30	8402.8	8470.3
CGAGGCCCAAAGGAATAC	29	30	8113.0	8470.3
TCTCCCGTGCAACGCAGC	28	30	7823.2	8470.3
GGACCCTGCATTGTAGAA	27	30	7533.5	8470.3
TTCAAAGCCTAGCGCTGA	26	30	7243.8	8470.3
GTATACAGCCCTCGTACG	25	30	6954.0	8470.3
TGTGTCAGCCCTACTGGA	24	30	6664.2	8470.3
TTTCACCACGTCAGAATG	23	30	6374.5	8470.3
CAGAACGTCCGCCTTACC	22	30	6084.8	8470.3
CAGCTGAGCTTATTATAG	21	30	5795.0	8470.3
CCGAAGTAGTGACGCAAG	20	30	5505.2	8470.3
CTACCAGAAACCTGACTC	19	30	5215.5	8470.3
GCAAATTTCGTATGTACA	18	30	4925.8	8470.3
TTAACCAGCACGTCACCC	17	30	4636.0	8470.3
GATCCATCACTTATGTTC	16	30	4346.2	8470.3
ATTGCTAGGTGTCCCAGG	15	30	4056.5	8470.3
GGCGCGGGAGTGTACATA	14	30	3766.8	8470.3
CTTCGAATGATGCGACAA	13	30	3477.0	8470.3
CTCTTGCCGGCGGAATCA	12	30	3187.2	8470.3
TCGGACCGTCCAAACCTT	11	30	2897.5	8470.3
CTCGAAACGTACGCGAGC	10	30	2607.8	8470.3
GCCGCGTTGAGTCTATTA	9	30	2318.0	8470.3
GCTAACAATGGAGTCTCT	8	30	2028.2	8470.3
TGCGGTGTTAACAGGATA	7	30	1738.5	8470.3
GGCAATTGTAGTACCAGC	6	30	1448.8	8470.3
TAACAATCCTCTTAAGTA	5	30	1159.0	8470.3
CTATTGAATCTTGGGTGT	4	30	869.2	8470.3
AGTTCCTAACGCTTTCCT	3	30	579.5	8470.3
GTCTAAATATGACGTCCG	2	30	289.8	8470.3
TGTAGCTGTATGACTCCG	32	31	8982.2	8762.4
TGTTTCGCGCCTAAACGT	31	31	8692.5	8762.4
TTATCGCTCGGTAATCAC	30	31	8402.8	8762.4
GGCATGCATAGGAGGACG	29	31	8113.0	8762.4
CATGTTGCGGCGTGCACT	28	31	7823.2	8762.4
TACACGGTGAGCTGAATC	27	31	7533.5	8762.4
TTGCATTGATGACGGTAC	26	31	7243.8	8762.4
ATGGCGCGGTCTGCAACA	25	31	6954.0	8762.4
CTCTTGCGCGGAATTGGT	24	31	6664.2	8762.4
CACGATTAGGGTTCGTCG	23	31	6374.5	8762.4
CATTCGGGCAATTAATGC	22	31	6084.8	8762.4
GATCTCGCGTTATGTCTC	21	31	5795.0	8762.4
CCCTAGTTGGTGACGCCT	20	31	5505.2	8762.4
TAGGAGCCTCTCATACCC	19	31	5215.5	8762.4
GACACATCGCGTTGCTTT	18	31	4925.8	8762.4
TCGCGTGGAATGTAGGCC	17	31	4636.0	8762.4
TCTTATATGCCGCACCAA	16	31	4346.2	8762.4
TTTGTATTGACTCAGCGA	15	31	4056.5	8762.4
CTTCTCGACCGACAGACA	14	31	3766.8	8762.4
ACACTAAATGAGCCCTAC	13	31	3477.0	8762.4
ATACAACTACCTGCATGT	12	31	3187.2	8762.4
ATCTCGTTGGTCTATTAC	11	31	2897.5	8762.4
ACCGTACCCTGCTTAATA	10	31	2607.8	8762.4
ATAGGTTTCACCATTTGA	9	31	2318.0	8762.4
TTCTGGTGGGTGCCATAT	8	31	2028.2	8762.4
TGGAGAACTCTCGGTAGC	7	31	1738.5	8762.4
TATCGCCTCCACTAAGCG	6	31	1448.8	8762.4
GCCCAACAGCTATTACTG	5	31	1159.0	8762.4
ATCTCAGATTTAGTTACC	4	31	869.2	8762.4
GCTTTGGATTCCTGTAAT	3	31	579.5	8762.4
ATCAAAGGAAGCCTCAGC	2	31	289.8	8762.4
TCGACGACAGTTGCGCGG	32	32	8982.2	9054.5
CATACCTAAAGCCAAGTA	31	32	8692.5	9054.5
TACAGGGCCCACATTCCT	30	32	8402.8	9054.5
ATACTTTAACTCAGCATG	29	32	8113.0	9054.5
CAGAGGTGTAACGGATCT	28	32	7823.2	9054.5
TCCCGTGAGCCCTCACAA	27	32	7533.5	9054.5
ATACGGGCTTGAGGCGTG	26	32	7243.8	9054.5
GTTAGTATGAATAAACTG	25	32	6954.0	9054.5
TTCAATTTAGGCGGCCAC	24	32	6664.2	9054.5
CAAACTGACCGGCGTACG	23	32	6374.5	9054.5
TTCAACCACTGTGACAGT	22	32	6084.8	9054.5
CCGTTTGTTATGACTAAG	21	32	5795.0	9054.5
GCACCTCATAAGAATAAC	20	32	5505.2	9054.5
GTTTATGGGAACGCCGCG	19	32	5215.5	9054.5
CTAACCCGTTCGTCGCAG	18	32	4925.8	9054.5
CAGCCGGGTTGTGAGCAG	17	32	4636.0	9054.5
ATGATGTGTAACGATCCG	16	32	4346.2	9054.5
TCCTGAATATGGTATGGG	15	32	4056.5	9054.5
TCACGACAGACATATAGT	14	32	3766.8	9054.5
CTTGTAAAGTAGGCGGCG	13	32	3477.0	9054.5
CGCCACTAGAGCTCGGTA	12	32	3187.2	9054.5
GTCATCTACTGTGCCACG	11	32	2897.5	9054.5
CGGCTAGAATCACGCTTC	10	32	2607.8	9054.5
ATCAGATTGTATGGGTGT	9	32	2318.0	9054.5
ACCGTTTGACAAGTGCTG	8	32	2028.2	9054.5
GTTTGTTTACAGAAACGC	7	32	1738.5	9054.5
TACCAGTTCTAGATGTTA	6	32	1448.8	9054.5
TGCCATGCCTCGGAACAA	5	32	1159.0	9054.5
ATGTAACTGCTACACCGC	4	32	869.2	9054.5
CTAACTACCGATCCGCGT	3	32	579.5	9054.5
GAGCCATCTTTAAGTTGT	2	32	289.8	9054.5
TCGTAAATTTACCGGGAG	32	33	8982.2	9346.6
CCAACCTAGCGGGCATAC	31	33	8692.5	9346.6
CAGATGGTACGGTACCGG	30	33	8402.8	9346.6
TCCATGCGATGTTGCGTT	29	33	8113.0	9346.6
CTAGCGCGCACGTCGGAT	28	33	7823.2	9346.6
GAAGCGCTTTCTGTATCA	27	33	7533.5	9346.6
ATAGATCCACGTGAAGCG	26	33	7243.8	9346.6
GCATGCCTCGATTTCCTG	25	33	6954.0	9346.6
GCTTGCGTTATATCGGCC	24	33	6664.2	9346.6
TCGCTACTAGTGCGTCCT	23	33	6374.5	9346.6
GCACGGAATACTCTGTGT	22	33	6084.8	9346.6
TCATACGGGCGTAATGCC	21	33	5795.0	9346.6
CAACTCTCGAGGCGGCTG	20	33	5505.2	9346.6
TGTAATACGGTTCATGTA	19	33	5215.5	9346.6
GTGAATAAATGTGCCACC	18	33	4925.8	9346.6
ATTGCCTTAGGTTGCACC	17	33	4636.0	9346.6
TAATGTACCTCGGGACGC	16	33	4346.2	9346.6
ACATTGCGACCCTTTATC	15	33	4056.5	9346.6
TTGTCGCGACGTGATTCC	14	33	3766.8	9346.6
TGTTAAGGAACCTGCCTC	13	33	3477.0	9346.6
TTGTTGTAGCAGCCATCG	12	33	3187.2	9346.6
GTTGGTCCATGGGTTACT	11	33	2897.5	9346.6
GGACCTTCCCGCGGTTTC	10	33	2607.8	9346.6
ATATTGTCCATTTCCGGC	9	33	2318.0	9346.6
CTTAATTTCTTAAGCCAG	8	33	2028.2	9346.6
ACAGACGGACGGTGGGCT	7	33	1738.5	9346.6
GTGTTCTTGGGCTCCAGA	6	33	1448.8	9346.6
TAAGACGTTATTTAGCCT	5	33	1159.0	9346.6
GATGATGCAATAAAGCGT	4	33	869.2	9346.6
TTTCACCTAAATGTGGAG	3	33	579.5	9346.6
GGCACTGTAACATCATTA	2	33	289.8	9346.6
CCAACTTGTCCCTTCGAT	32	34	8982.2	9638.6
TTAGTTCTCACGCCGTCA	31	34	8692.5	9638.6
GCCTTCGATGTACGATTT	30	34	8402.8	9638.6
ATTTCTGGACCGGACACC	29	34	8113.0	9638.6
GTATGACGAAGCCTGCGA	28	34	7823.2	9638.6
TCTAATGGACTTCTGAGG	27	34	7533.5	9638.6
GGTGTTCTCGTACAAGAC	26	34	7243.8	9638.6
ACGCGGGACCAGGATTCT	25	34	6954.0	9638.6
GTATTCACCTGCCAGGAG	24	34	6664.2	9638.6
TCCGCCGAAGAGACTCAT	23	34	6374.5	9638.6
GCTACCATACCGAAGCGT	22	34	6084.8	9638.6
ACCGGCGTTCAATAGAGG	21	34	5795.0	9638.6
TCATTGGTTGTCTAGCTC	20	34	5505.2	9638.6
ACGCGCTTAACGGCCTGT	19	34	5215.5	9638.6
CACCTGGCGCATTGGATT	18	34	4925.8	9638.6
CCGAATTCTCTAGATGCG	17	34	4636.0	9638.6
GGGTTCAGGACAAATACA	16	34	4346.2	9638.6
CTCGTACGTACGCAAAGC	15	34	4056.5	9638.6
GGATCGATTGGTCTAACA	14	34	3766.8	9638.6
TATCACTGCGGTTGCGTG	13	34	3477.0	9638.6
CCTCAGCCGAAATCAGAC	12	34	3187.2	9638.6
AGAGCAACCTGCGCTGGC	11	34	2897.5	9638.6
TACACTTGAGCTTTGACG	10	34	2607.8	9638.6
TGCAACCTAGAAGAGGGA	9	34	2318.0	9638.6
GTTGATTACACTATGCGT	8	34	2028.2	9638.6
GTTAGTTGAATACGGACT	7	34	1738.5	9638.6
GAGATAATTGGTGACACC	6	34	1448.8	9638.6
ATATTCGACTGGGCTGTG	5	34	1159.0	9638.6
GTCCACGGAGGGATCGAC	4	34	869.2	9638.6
CTTAGCGACACGCACGGG	3	34	579.5	9638.6
CGACCAACTAGAGCTTGA	2	34	289.8	9638.6
